BgB-sXUjVOA, 1
TFwMM4xi3o4, 1
1eFiykKPTCE, 1
rnaqu-GvPcA, 1
CW4zYIxaI38, 1
pS5AmSkze3I, 1
U1oRnL_u2Ng, 1
W8dRxfDKVzE, 1
KJ4jUt37s4M, 1
emEMQiwlWI0, 1
qr8MpqrdDLQ, 1
qYVc6cPmGF4, 1
xd0MraU624g, 1
IRCcFqceAF0, 1
sBRRxAtZmlU, 1
bj4Ab5Z1ykM, 1
4uF8ffV0SkI, 1
s2_fmGRvgEQ, 1
ZjypAbvKd3k, 1
QRCnMfpFb4k, 1
hBmwjSMhgeg, 1
97T9u-x6Zkg, 1
7EahQMMFCAY, 1
BMCXjRPXwvM, 1
hhuOsWWGXCU, 1
IFSOt06iJ1o, 1
DFCxrNj-MQ8, 1
NbRNo1kYub4, 1
phQJExUmM7Y, 1
Bvm6jGCzeRg, 1
RsaZBew2nNw, 1
sfXuDyWxgv8, 1
Con_UIQdpmE, 1
buvhFD4FepY, 1
DZqfFoRR16k, 1
KEdhyrv9rYM, 1
wNHHvYRBaPE, 1
jng04HZDo6Q, 1
SLQZ3Iq_uWU, 1
seCRmDHD-tM, 1
O_zlrPCL1KA, 1
BSwcqYQhZw8, 1
BrvCeq1DWHM, 1
zrqDcEqIFJ4, 1
EG4HU-pDW1k, 1
KTjCKXW_sGg, 1
dSb1_LO-Z58, 1
nE-Z9pBQXd8, 1
AhcGoCyHKEU, 1
3U2GnygxdBE, 1
HQhmt3yxjgQ, 1
vcZ8ZByfGsU, 1
4sVBZVtxSLc, 1
jzsOSxoJGLk, 1
ejFjPWRT1f8, 1
nMyXXrKhAoY, 1
M4et8etFFws, 1
J-h9D5r-hHc, 1
3TipJWKx56Q, 1
OUQ3G6cipVg, 1
SlDQBY63xcc, 1
CpZwhvvh43E, 1
zxiXECN1zEM, 1
qrHpyZ7dNtM, 1
mQAidM3Ybdw, 1
1IW8gxk1XVw, 1
xgxzVeUi1tk, 1
Vs4MWDJfxHI, 1
31oTrNjCRG8, 1
-URPBJ0Y4LI, 1
t3XFarq6pPA, 1
q5IH1A8GRzw, 1
ec6XslfVSDE, 1
9VoDc_962pk, 1
IK48ndYUYJE, 1
14IwLmFwVUA, 1
eiyAzAWSQmU, 1
LRsWGHWtHMs, 1
9IRrfsySWN0, 1
YZNvO2HDf9w, 1
vy6lcTv3zCE, 1
t5L7cOfMCqI, 1
IYIR0HuenhY, 1
ZsBtFIp-NA4, 1
6Thfq47Hfvs, 1
Sm9w5p-Lvow, 1
XHquAgWWfuU, 1
oiSyrCJPogM, 1
6EcnJoYd5oI, 1
-ETlytGpNVs, 1
RmnNWiDP7X8, 1
J1i8I_zD15I, 1
9-t1CXdjIm0, 1
8r62icz-NoE, 1
bYPF-hYIfP4, 1
HZuU8xbNGNA, 1
Z4-J7KE_sMg, 1
RVZRjC4qxXs, 1
dInNUkjN170, 1
a7ClvTyyUMI, 1
KPP_RQA3iUg, 1
dm1yDJDWKKM, 1
uy4U-7ZvwHk, 1
2xyW6_LW3AY, 1
UIgVUG_sKfY, 1
irurTpRf9Q0, 1
M8qmYSGcJM4, 1
wTMjJJEKzkE, 1
G7vpEbDSRz8, 1
gIKo9iNXyBA, 1
HaV5OAN5_fE, 1
bIQHFLbwMI8, 1
szqhKj41Nh0, 1
wkB9GTdnzx8, 1
tcrZd5uxajw, 1
ddruSYiMCs8, 2
nLdpHyVaFT4, 2
dPWa7XFRWf8, 2
hs3MsGWV0Ko, 2
FF9pOJ-zjDM, 2
Gc3m1Cn3c3A, 2
N3SnGbQCM1U, 2
jo0povhMP-c, 2
OQ6DhgwgtGw, 2
y4w0NBCVD0M, 2
0FyUVcx_GYI, 2
8wBQJlqqI0c, 2
dIDcIjtkOqs, 2
rDcf6SWMfHQ, 2
O2bxQJH-Plk, 2
9TpIElbaaKs, 2
3-cNBb3sERI, 2
8y3Q_PnhQYo, 2
f5gF6ONMywo, 2
Kw3yB8qN2jc, 2
dWlvQ4Z_qvU, 2
CsDkB_aSA30, 2
hOUvrWx5uVY, 2
3Bmapv3nLPY, 2
7n9jjSLZmDU, 2
AHspIGwtcmc, 2
EpaR5zaq2sE, 2
5HCDV_9NOi0, 2
S-4eCkKHqpM, 2
hrC3IF9N5fs, 2
Sh1c9i2O028, 2
z_XbR5bywGI, 2
MKxAAbzqIPQ, 2
kxN6Va4etLw, 2
q6fbf_un0F0, 2
jCL2dLh5MME, 2
coJIf1KqbEw, 2
KpLEz9CeuDw, 2
hgKxrYS8_ZE, 2
OpwY13ejWBM, 2
xRMqeD7kl5s, 2
YfHVuBqetVc, 2
NnixlFjXa6Q, 2
mquHJFxfy7Q, 2
yyR5QYbdAhw, 2
GLS1K7bcz5E, 2
tqsphGYgjlQ, 2
R53VicvBW5s, 2
wyXfWepY1PQ, 2
zMvwk2ZD5ag, 2
qSXUZOc5mHo, 2
8XK3WxOlXUk, 2
knbhnqe68BY, 2
I3dnrS_uQTE, 2
ZsR-2zkEwCM, 2
XGm1hPQI63k, 2
dHxCTU5-RTI, 2
ZymSo30Ro6Q, 2
jIUdQvPsvNg, 2
X8wf_MZiRX8, 2
kzxLqU9NZaA, 2
6qHw_UwXu5A, 2
1_cfCTpx5a0, 2
Kowd4QlTG2I, 2
K-Z7V_bvORY, 2
ANfpF0pNob4, 2
YAzFgWPqnW8, 2
a5BxPgzota8, 2
lQYR6q4uXQw, 2
CgoTRSmQlTU, 2
WKngrGxM9wE, 2
gW53tWlsUb0, 2
tBPj4jvef74, 2
U_yhZqtL4zA, 2
dmhFj60xHzQ, 2
AGtDszVPgKo, 2
yjcZui7gtdw, 2
y_DbphpkHFY, 2
2D1WxJR7Znk, 2
9YBJJQ2XdNk, 2
hr79CZo8AFc, 2
4JqOYbPnMU4, 2
pYyFgwawgt8, 2
LR1AIG_fc5U, 2
qQywEVNDKYA, 2
pDMAfc1ya1M, 2
X9o9ZVQRfLA, 2
GdI_4D-gFdo, 2
9bb8C-Xs7pM, 2
BXsXN-UpYY4, 2
M60lhRFhWa0, 2
hWHF4ik45OM, 2
DTk90sfaenI, 2
sEPWmWfGimc, 2
zfBPziOmlf4, 2
05dBy_GU3D4, 2
3xkdml5YWxo, 2
BLvz1Ii5OgQ, 2
DQKQeT8kNkU, 2
MhkWNg8u6Wk, 2
Qbxji8BO770, 2
i2-G1mXsJOo, 2
VeFxpJIuWQo, 2
KmfWUUnORbk, 2
4RCaB_zZLwc, 2
jtzUlFvMvMA, 2
k39ZIuWKo2M, 2
3_7BI8iQgtA, 2
o7Q_Ur2Pfjk, 2
YY1UtbPU4_s, 2
qpEtDH_3h_M, 2
8wh-UtanHmM, 2
A-c8_6wy5YM, 2
OZu4RS8vpGU, 2
MzuKXIwlQec, 2
Iv04MmHEqVw, 2
2vYX8B-Ro7M, 2
Zsr7R45T0gA, 2
tT_4BznG7M4, 2
hsX5nHXcrEI, 2
Ro4utCv8Pas, 2
eGBSgFcf1gY, 2
UUZqBoEMgHo, 2
ZLzuFZNYWyM, 2
01yqTe2S3xM, 2
xF1mPBGb_To, 2
9wOcEQjVPiM, 2
TYjmUU2gU_A, 2
lyKzrlghbPg, 2
axaL-Zy01Zg, 3
9KY2-Uv6Ybg, 3
CZKaOOzGhJg, 3
PfeAdoUSfGo, 3
Xv2-5Z-g96w, 3
fUW52Efo3j8, 3
700IfsbteI8, 3
ng8VuYkDiSg, 3
sN4-liKhbM8, 3
6UFExX7LezM, 3
khrMucAH2bk, 3
bGSmUGq7OMw, 3
PuV1HmkrCOw, 3
2o4eWy0hDt0, 3
LiqPo0kOURQ, 3
9pC-6J6hJbA, 3
GeS6W4krkuU, 3
XVmRIaJ6uMU, 3
JtwXgA0uBY4, 3
YEtsbk7TfFU, 3
xhzvYrSEvSU, 3
0dJk4KwrWbU, 3
W6mLqGv3xj8, 3
AgvYx9iTp4o, 3
1NYfJGh5IEc, 3
3-ZRVVSrPfM, 3
Xpv4EjifsTs, 3
JOqp0tHfGNA, 3
u9QW2Th833w, 3
dQlBQAt8iYE, 3
OofKNQdFVc4, 3
aFK7pikwiJw, 3
JPgU-WWApNg, 3
0BzVTGRWfn0, 3
TJNkSW6yL2I, 3
4kzTf3i8Gn8, 3
CuKa2DDHpm0, 3
E3JRPjbvRjU, 3
b9H5d8glmQI, 3
MZWqiBbBmKo, 3
6iyzbBRi834, 3
Voko5Yj3V_s, 3
R3h5YMAAgIs, 3
FZowUdBnEGA, 3
c9sWnDKkwYg, 3
3hSpvZE79wo, 3
RL7GNBwD4xw, 3
U4FANrcdWLw, 3
sEAq4CUEZmQ, 3
mZ2RF-pEe78, 3
bySdQGpezBg, 3
vicPYWpZHIk, 3
i0JEwhg-rGA, 3
GiVRPD_X0ME, 3
scxNM62yFTQ, 3
q8N9jMphlVA, 3
mDKcyCXElnw, 3
xFqgiqOC4lo, 3
NlPu-K-D5NA, 3
b5kKWUysmI0, 3
WEZ7ukQZ9CU, 3
erWSxvLS1AM, 3
N5kmWPf4AAw, 3
i43vpd1fVAk, 3
zmp9n6hspcI, 3
HNhbNT_DZqA, 3
PoqRJRZWpZs, 3
PSSfr5GB3B8, 3
W-5i4OOavEY, 3
r5eDeAI2JTo, 3
AweMnDDBudw, 3
uJuWKJb_l3c, 3
4CfAlJuSGNM, 3
-DGpH0fRdv4, 3
fJCK8yugDac, 3
9eZTy3-4iGc, 3
S6-PLffoJVY, 3
c2RDSQCGDeI, 3
UnU1k7Oay4o, 3
jrF2MdzN9J8, 3
ZEjYJ767lXM, 3
eNg0a6aKIVA, 3
lAce0i6TejM, 3
_YstZJPfDrU, 4
XJS7mImU4y0, 4
EU5sAWPKgMc, 4
CkgQhnApLow, 4
wI9yrG9wz6E, 4
GuWosqNhYHU, 4
zRqGinjapn8, 4
xDjaC9-s8ks, 4
MOCOcG8b_AU, 4
l3EU9bsFkAE, 4
wvrPp48RXwo, 4
sMxo1vqqq1U, 4
Y0739BwGtqo, 4
h_LfBW9csA0, 4
5P5NPp32NGE, 4
waAQyYeLzj8, 4
nztDjy3SxOs, 4
Xw8KzFYYgUQ, 4
w0LuZFE_BRE, 4
CqvM96MA29g, 4
wDcu4HUGVz0, 4
qJEZQ8mtTZg, 4
lpCo5cDyRM8, 4
SIwnQeNZ9nw, 4
ZypTOCaEbSU, 4
awMumw89Rs8, 4
K3CB4mDro1g, 4
NrCdtbtvcTQ, 4
Qj1Dp0qV0Ss, 4
AfDJXo-fmbE, 4
J8hnQcNyoXU, 4
lqjbi5stpmY, 4
QcbuUh-VIXM, 4
cnyk1UwK4Ow, 4
9Dll81bafX8, 4
G1LbJrWGsA8, 4
WVL00BxpX80, 4
Mzd3FTnINQU, 4
C2uej2WgFWk, 4
mpBNrDcUK0g, 4
WJ-c9XbH4KA, 4
1OyASa8xvrQ, 4
0SNbfSy8TTM, 4
u0tRclaSx1I, 4
9SkWNumJj7I, 4
3_n_DIe1Rwo, 4
WHOW5g75Qmc, 4
V0xePqqRqzc, 4
M9FlKq6VPyQ, 4
05zYBufsZBs, 4
nhUEIvWcUI4, 4
lEKMoXRDgtk, 4
6odPUUnV5_o, 4
M9nxu35ZYEE, 4
y-bAJFLFm3E, 4
FRzjxqqZgr4, 4
GSIfq439xgc, 4
q-LDLbI1HsE, 4
YpjDmTdsJac, 4
-Fw7LLE81_U, 4
hE3WXX9bOZg, 4
UPDjFGGN2w0, 4
odemCj2XD-M, 4
iF63pzH4uWk, 4
BQl5BSmmM8s, 4
ocZ4xBpRERw, 4
6ybI2yL4ngg, 4
Ue77esm5Kqs, 4
psZiL2RO7K4, 4
Q1MDkswFQl4, 4
PZtwu0IWWHY, 4
schNqvf7fjQ, 4
sQ5jxaCYJOg, 4
H2AcR16VPNE, 4
tx_9GDPMiT0, 4
4dy6cf6v8nc, 4
ZWRs1uQY0Lc, 4
OnWl99ofsM8, 4
9NSx5VrvIb8, 4
yAw-ZId77tM, 4
n4WwtQGpRpI, 4
7muRbnp2o1s, 4
6E6Rvphw_gI, 4
rvMRjzuIwVA, 4
ZhjEcTck_k0, 4
LRhleOP3td8, 5
zZDun8f7bAM, 5
ZiPhvXK7HjU, 5
0P9ljO5Acto, 5
rP2tRZomTKo, 5
L6hBGj56-Gk, 5
i8JwvsenAA8, 5
-zNJ0bK1pro, 5
YI16jMy7kk8, 5
N3OVZpoq8yE, 5
gBmT5chqRHM, 5
4Ab26V9OX7s, 5
bxibRlUT85E, 5
Y6K_5LydLGI, 5
rFTeNoIP8ow, 5
TnTn0Ikm2yA, 5
aj259CA9_WA, 5
LQvnmNcpcDU, 5
cgjW_usfLGU, 5
DFcihfTeUz8, 5
nc3uN2eKXkc, 5
5fn3ajbOsOo, 5
FjqksBI0Ic0, 5
_d_XZSrKxek, 5
XkvoOJ-Lzeo, 5
R7J3uC2aULs, 5
vVK3U-8_0_s, 5
9JCMOt52vog, 5
laKODBIQDaA, 5
RrIX9ANzb6A, 5
2LoGGXA1Xvs, 5
ryRzQdBEXnc, 5
m7ij3j_9xNQ, 5
Pmh9No4Mdts, 5
78ctQoLAJhw, 5
Mv21dHMhKN0, 5
nJEJU3VbUfk, 5
DPei9UGcYL0, 5
9TBbGs_9XsU, 5
R_gsrkwTrpg, 5
73FSSs9KdD0, 5
SFrtaKRO-OY, 5
lE_iqzzjmlY, 5
sU50yjqo_AQ, 5
Ncm9kIwG_JY, 5
RoiJYM6elXc, 5
ZJ5UEQl2LBM, 5
rRJ1VI1u8SA, 5
iFs7L0p7mnQ, 5
ZoqRn2tYk80, 5
gj1WQ_zHI18, 5
aOEKzE5PyRk, 5
53ffjz5-2g0, 5
4GgZTKyMhrk, 5
yY51y48156U, 5
zq1LlNMFvpg, 5
rEPzL1Xe450, 5
JXRCCEQ29hc, 5
HNyCWPjlGho, 5
9sdNU-gPTk4, 5
wOFQ88jzRjg, 5
ha2mLz-Xdpg, 5
Z8suZfbE6Kw, 5
Z0G2KIJgiGk, 5
TpodkbYWx5k, 5
paFb3l0Sxrg, 5
Vz5yvnrp2Us, 5
PBHD3nfUT7s, 5
0EwodNhcOtc, 5
Y4e_TCaoYUw, 5
nU5Bg_Imc7Y, 5
h0XUNJURUvo, 5
qFHK5t9CRjY, 5
OF9NHsvQz-s, 5
7vUkWkZGG8M, 5
gD0kDvLKkHk, 5
YdHAHJJHXM4, 5
uoXoovzFZos, 5
wreuOi6dehE, 5
Opf4v5uGPA8, 5
mgNcKskN52E, 5
paGYs4xRGZg, 5
gnB0dcisYgM, 5
9hkb95howyI, 5
lngTqSLf_iY, 6
bpGlaTHrO9A, 6
xdRCQr352bA, 6
juFhvWY4SHM, 6
KnqdpJ80GFo, 6
QuX-K37vmGc, 6
g3CtEg7VHtw, 6
yHqx7E1o0F4, 6
dri03ZjWMbM, 6
caPIo61FClA, 6
mnj7MX1Cr98, 6
MT-ZJGtJrdk, 6
SaRjC32rKhM, 6
4Q30pWkilug, 6
mnMSAzQQS6w, 6
MC3F411U__w, 6
oSv2rN3SlME, 6
QOWJkat4mZA, 6
Q8fg1HJeB2U, 6
LSFgijiGlTk, 6
kP5ra1495gM, 6
DU9XDKRrawE, 6
ScDTnOeJenA, 6
kiwYxHWFRDc, 6
40_QVh-zJ7A, 6
tZlPjASPjWU, 6
THnOW_dqtis, 6
R57C93KQ4J4, 6
_-rwki2knv0, 6
ItUln1YEhKU, 6
-4IFcZhfiQI, 6
6Z84m0VxwPk, 6
F5USZrGQero, 6
7KqcBnAP_Ic, 6
A-f_N8s7MbE, 6
BddkXnoskb8, 6
-tOT3BwZ8n8, 6
yBMJW5MTcqA, 6
yavXz_IvJdU, 6
CLpuMCCgaJA, 6
ifglAWxjnSc, 6
FK9i-MqgX8A, 6
ew_TJK4Ml_c, 6
a6pJr7XdaiY, 6
4kuJ0eENR1M, 6
UXuw5QbXZUE, 6
dFRvtvzObV0, 6
yZ4_BKnSk0o, 6
s_8gsBTuZXA, 6
FmaPofQIhy0, 6
h-Irw-FU7NI, 6
Ie66FHzb-eY, 6
xxK87oC12ao, 7
5Cy5qHhN95s, 7
B-JrqrwbdFA, 7
wrPcm5FseGo, 7
PxL6rbwxdkY, 7
AOAFUrA6JOQ, 7
0nA4oDXJ80Q, 7
QaTYHsFm8zI, 7
z36bdIR9F8M, 7
H83h6RiHado, 7
Wgw12J3uNL0, 7
TTWrpBRXWUs, 7
l08QUMWE3qY, 7
a1cp6_ucC9M, 7
VmdmD8iEsIY, 7
S8n5tPbWB50, 7
n7YYT5IFAEQ, 7
brxTW6J927Q, 7
QYXAfAwJeKs, 7
w-9WxZM3Bzc, 7
Es3B8Swni14, 7
Wq0mRJpRxFg, 7
cPg-HW901Lg, 7
vS_qAMeJJos, 7
zOPY4xDDTis, 7
Yzgoeb3t78o, 7
84bKCuDJf4M, 7
ju2SA0UxZgo, 7
gTAnJmvklKs, 7
QSCQKxQp5SE, 7
havyFD129-8, 7
UuIuL-TDHNs, 7
R4KjeZqSt5M, 7
hUzWQxxnUHI, 7
IyMIP77KJ84, 7
RM4ghCq-fcE, 7
rpN7FOWvtT4, 7
RdSya1UnU8E, 7
3MeRMGW7MlA, 7
fVmmPZsmtbE, 7
B_cjIeoCISs, 7
PKMALO6uHYw, 7
L361aq8604s, 7
tjRnXSHLxqU, 7
NLMf3OKFJxg, 7
8uIIihvIVRs, 7
Rnu4k8-4wT8, 7
6b_BKa9Crns, 7
jPECQ0dU2-s, 7
VlFfHRQLG3c, 7
FMuA95XI1Fk, 7
9dUWguiwnPM, 7
l73rapcl8hM, 7
ixqYRCkyLek, 7
uzZi1zfc9Xw, 7
cT5nZ3-5Vmo, 7
RKQ2I1xLfCc, 7
WoGBWQafNAc, 7
07PYM_vMQ8Y, 7
yS-c5bUZGX0, 7
bDObjh4gALU, 7
7AAOd00GkB0, 7
eZU34_x7jpw, 7
G9tXQ0oYBxU, 7
_hql_QgCX3Y, 7
uFwdHCTeVrc, 7
SWtjTkixv5M, 7
eKdF45tqx0I, 7
uMboFHQ8j4k, 7
XjZL1ZQ81Nc, 7
dPT7fyS4js4, 7
bkFr1dUZUK8, 7
L1f20-3jyNg, 7
qVJ-tMj-8Qs, 7
lKwt5q9JPdA, 7
kngEn4lVSbY, 7
iOAGlEP_sGg, 7
k3-d12Fgjog, 7
JjK6y4UFvFk, 7
ygEpxL6ohAc, 7
u7Oa8CmWxus, 7
6TdRyRrfGa4, 7
45CYnbjfpgM, 7
muxKvN75jhA, 7
htCQKpKh2DI, 7
zkTqZhoHuko, 7
Ob0h5Egz9lw, 7
AL3JScxUqnM, 7
73uo9bGPjGw, 7
EtTbS-KdcrE, 7
QhaLtEtwjS4, 7
lU4xadYdGSE, 7
Rz0Phrk9Fyk, 7
RbsjhJJzHcM, 7
v7gujuGGXRs, 7
VAxQbpJRQBA, 7
1Rg1sFMxnbM, 7
yBZeC9XDKQ0, 7
Ujh1uwAuiCY, 7
IQvOODIz86M, 7
N3pZGRJu62M, 7
PM_45dbVfAU, 7
6505lApoQl8, 7
A7mC6q942Qc, 7
RoSEFI-HnIk, 7
P3113mKPcu0, 7
-z1fWjbRJXg, 7
Fokf1L3JPMk, 7
MQ3KOiAgBDI, 7
vCNAL5HbTV0, 7
kCKSvjBnCRQ, 7
kW92GYSPj24, 7
_ub9jyK57Ks, 7
AOFdzcwAE-Y, 7
jzjRSjjlEkk, 7
jnjP6YytCaE, 7
ScZWndMIWfA, 7
55O8NnFm3lE, 7
eRDBggKy0js, 7
2pCIUcyCRi4, 7
EDgBlu7zNMA, 7
Uz-fWUL0bXI, 7
q5Iwr0ADkbQ, 7
aFb2Dx7OsHA, 7
y6PgSXIQuc4, 7
5QHF5OQeFOs, 7
yQGAX5qBgUM, 7
S2ZsksNklAs, 7
kCJJGkEFYaA, 7
xV_SXoSTWvs, 7
9MRgDB4dP4Y, 7
TOW_ij0zjh8, 7
JfaAdQV42og, 7
yiLRXes6N90, 7
Mo5X54ZAAsY, 7
BcLH5IFaoZY, 7
QvHkgQj5Wxw, 7
Yla-ke11-PY, 7
ii7b3cF7j4o, 7
U-l7eGWXVGM, 7
c2tvS1be3c8, 7
3glMSxolWFI, 7
_XOZA3VbZnQ, 7
yqGfXmLku1M, 7
9LY6RiOgtRo, 7
sgvpyCkHBwM, 7
RetFW_mayKg, 7
eHWhh6b4qSA, 7
fkoSGnMNzIM, 7
XVMxZMxkAgM, 7
yEEX42-Uq1Q, 7
T8G-Wu-ZbwM, 7
5Gz6kIbKcbw, 7
fiobvkK0fSE, 7
Kw9gskVuXdk, 7
RG-rltG8haQ, 8
g-kgSq6mbpI, 8
okg7uq_HrhQ, 8
V1RQ4i-xSg4, 8
5kTGzyWxx4Q, 8
5-SF-LeLtXY, 8
P3VFfa7IYjQ, 8
I6UB9D5266U, 8
GLmd5EoGeos, 8
9N2Gg_-MTWo, 8
9jKPSYFNyLU, 8
-vieAey2cHM, 8
11tuobzJNQY, 8
ZM30eIwxHHc, 8
LeRxfTEJg-s, 8
DdkLyX2mClY, 8
iwSnaQdwwZU, 8
Aw5puywncJA, 8
PcaWLTtWL2o, 8
7EuRkfMsbSc, 8
1Q_vQTL1aqc, 8
ahQnOZmnsPY, 8
DrZQ1f7dnJk, 8
JPPd-F-CwDg, 8
Le8vbcHzF1k, 8
BwZTYWq9pVM, 8
xXXB3_79apk, 8
2I8-PBR2Kd0, 8
VCNUouJTVcA, 8
B8NtDoN8zxA, 8
3sZytHn1YEI, 8
hIpdDhbILN0, 8
2z5iVsX8k18, 8
wReWJeOZlX8, 8
JLNUapyXzSM, 8
qoJ4VDaGSfY, 8
g8-Oszec3CY, 8
oareNU5ms4s, 8
BF20kLNjFFY, 8
N4K56tCjYaw, 8
jUpYRfi3jWk, 8
w1XKXWN-M3c, 8
YyfdYdM36H0, 8
xxfZnk-YOLc, 8
KZBTt2CvLsg, 8
F_U5L01wucw, 8
5i3uHmPv9TE, 8
4olDkdg9P3I, 8
YOQ7ndLXXWI, 8
HxC_OxEI09c, 8
nqNxSRcIQPY, 8
14KVOCURB1Y, 8
s9cM6pRzlGo, 8
wkTZuh40BaA, 8
d5anOHi19DM, 8
-0ETyGLvYF4, 8
TVv7H9GdNao, 8
hCGfojwawko, 8
rkOFajS7jZY, 8
pATDWpZLqSA, 8
Cha2U_2ahDk, 8
Wb4KYtxRdBc, 8
xpc_q95sNCI, 8
dws7Mvd0CKk, 8
4LjjXjUdwpE, 8
vi6v9XiCK7A, 8
XYk4c-a2rUY, 8
ZhRZysGpggQ, 8
WHHpMYbNGko, 8
cTFDYAvnksQ, 8
b1yWBL-0FGQ, 8
dcqf9-D3wo0, 8
-2szseF5bFE, 8
6zGFqlkl4B0, 8
xUNVe2IALro, 8
m5z4_QqCLw4, 8
